-- Employee table  -- 100 employees

INSERT INTO `Employee` VALUES ('108',6000,'Curt Gibson','Tour guide',NULL,61,'male'),
('114',5612,'Miss Earnestine Cormier PhD','Accounts clerk',NULL,32,'male'),
('127',2943,'Cassie Cummings','Account Clerk',NULL,30,'male'),
('140',10000,'Tyreek Funk','Veterinary doctor',NULL,25,'female'),('142',4921,'Stephen King','Forest officer',NULL,31,'female'),
('145',7264,' Braxton Marquardt','Account Clerkr',NULL,53,'female'),('173',6135,'Ms. Noemy Kling Sr.','Veterinary doctor',NULL,48,'male'),
('174',8052,'Albina Casper','Tour guide',NULL,67,'male'),('179',7642,'Kirstin Hansen','Account Clerk',NULL,51,'male'),
('18',5340,'Stephania Beier MD','Tour guide',NULL,67,'female'),
('183',9577,'Kole Cormier','Tour guide',NULL,49,'female'),
('208',2611,'Edmund Powlowski','Accounts clerk',NULL,42,'male'),
('221',6693,'Patricia Weber','Forest officer',NULL,42,'female'),
('223',6863,' Reyna Schaden III','Tour guide',NULL,60,'female'),
('229',4000,'Mrs. Noemi Monahan Jr.','Veterinary doctor',NULL,61,'female'),
('245',8764,'Lily Rippin','Veterinary doctor',NULL,39,'male'),('253',5129,'Ms. Dahlia Harvey','Ticket issuer',NULL,52,'male'),
('262',9000,'Kennith McKenzie','Ticket issuer',NULL,41,'male'),('263',4327,'Gertrude Gleichner','Tour guide',NULL,32,'male'),
('266',6178,' Tyler Kozey','Accounts clerk',NULL,66,'female'),('27',3944,'Lenore Schamberger','Accounts clerk',NULL,44,'male'),('271',9372,' Hubert Schmitt IV','Tour guide',NULL,45,'female'),('282',7581,'Madge Koelpin','Accounts clerk',NULL,36,'male'),('29',2550,'Chyna Cummings Jr.','Veterinary doctor',NULL,34,'male'),('295',6025,'Wilmer Hoppe IV','Veterinary doctor',NULL,47,'female'),('320',9472,' Arne Wehner PhD','Accounts clerk',NULL,63,'female'),('330',7268,'Jarrell Ebert','Accounts clerk',NULL,53,'male'),('344',7520,'Leonel Tromp','Forest officer',NULL,48,'female'),('346',5744,'Gustave Gerlach','Forest officer',NULL,40,'female'),
('375',7000,'Cleta Goldner DVM','Accounts clerk',NULL,45,'male'),('378',3050,'Hannah O\'Kon','Tour guide',NULL,60,'female'),('39',2274,'Kacie Kertzmann','Veterinary doctor',NULL,49,'female'),('392',8057,' Reilly Boyer DDS','Tour guide',NULL,35,'female'),('395',6238,' Ofelia Grimes','Forest officer',NULL,60,'male'),('396',5364,' Kara DuBuque','Veterinary doctor',NULL,37,'female'),
('40',9583,'Ladarius Hamill III','Tour guide',NULL,39,'male'),('402',1874,'Joanie Schowalter','Tour guide',NULL,58,'male'),
('404',6594,'Marley Gusikowski II','Veterinary doctor',NULL,56,'female'),('412',9235,'Tyrel O\'Conner','Veterinary doctor',NULL,26,'male'),('413',5675,'Abelardo Hettinger','Ticket issuer',NULL,36,'female'),('424',2497,'Jacey Cole Sr.','Forest officer',NULL,46,'female'),('425',6160,'Mckayla Roberts','Tour guide',NULL,31,'female'),('449',4440,'Gabe Barton','Ticket ssuer',NULL,37,'female'),
('450',6695,'Thea Jacobi','Accounts clerk',NULL,33,'male'),('471',2890,' Genesis Schroeder IV','Forest officer',NULL,60,'female'),('472',8532,' Carole Fay DDS','Ticket issuer',NULL,38,'male'),
('474',3119,'Darien Walter','Accounts clerk',NULL,65,'male'),('486',2148,'Pamela Stanton','Accounts clerk',NULL,65,'male'),('505',8000,'Omer Jerde','Forest officer',NULL,61,'male'),('508',4102,' Dorothea Langworth DVM','Forest officer',NULL,54,'male'),
('510',7242,'Doyle Hamill','Ticket issuer',NULL,50,'female'),('528',2098,'Mr. Jayme Weber','Veterinary doctor',NULL,36,'male'),('533',9827,'Devin Farrell','Veterinary doctor',NULL,27,'male'),('536',9997,'Earlene Bruen','Accounts clerk',NULL,45,'female'),('537',3391,'Kasey Frami Jr.','Ticket issuer',NULL,36,'female'),('538',6694,'Lincoln Weber','Accounts clerk',NULL,53,'male'),('542',6666,'Miss Joanie Weissnat II','Veterinary doctor',NULL,51,'female'),('571',9599,'Muhammad Ruecker','Tour guide',NULL,33,'female'),('573',5692,' Adolf Schoen','Ticket issuer',NULL,62,'male'),('578',2434,'Ari Hilll','Forest officer',NULL,57,'male'),('579',2788,'Victor Schmitt','Veterinary doctor',NULL,69,'male'),('588',3938,'Amy Gerlach','Veterinary doctor',NULL,64,'female'),('598',2227,'Jaida Breitenberg','Ticket issuer',NULL,54,'female'),('610',2369,'Mr. Joan Feil II','Ticket issuer',NULL,25,'male'),('613',4655,'Chester Abernathy','Ticket issuer',NULL,41,'female'),('619',1536,'Stone Kertzmann','Ticket issuer',NULL,34,'female'),('620',4053,'Miss Mabel Bauch DVM','Tour guide',NULL,61,'male'),('626',9002,'Alvis Anderson','Accounts clerk',NULL,30,'male'),('656',4774,'Luz Hand','Tour guide',NULL,59,'female'),('657',3285,'Payton Buckridge','Ticket issuer',NULL,55,'female'),('667',2306,'Tyshawn Mills PhD','Tour guide',NULL,43,'female'),('669',4418,'Mr. Lonnie Olson','Forest officer',NULL,48,'male'),('671',5318,' Reyna Marquardt','Veterinary doctor',NULL,50,'female'),('685',1579,'Jayde Marquardt','Forest officer',NULL,25,'female'),('690',7095,'Carlo Hessel','Ticket issuer',NULL,53,'female'),
('693',5631,' Johan Kuhn I','Tour guide',NULL,33,'male'),('7',7691,'Everardo Swift DVM','Forest officer',NULL,47,'male'),('713',8223,' Rogelio Doyle','Ticket issuer',NULL,33,'female'),('727',8302,'Sylvia Jacobs PhD','Tour guide',NULL,54,'female'),
('730',3453,'Daphne Leffler','Tour guide',NULL,65,'female'),('733',5360,'Allen Hamill Jr.','Accounts clerk',NULL,68,'male'),('735',8447,'Mellie Kutch','Ticket issuer',NULL,67,'female'),('736',7222,'Devin Fahey','Forest officer',NULL,60,'female'),('744',4365,'Jarvis Rau','Accounts clerk',NULL,68,'male'),('757',8978,'Nikki White V','Ticket issuer',NULL,67,'female'),
('80',7434,'Ms. Elouise Grant Sr.','Forest officer',NULL,30,'female'),('800',8701,'Brian Bernhard','Tour guide',NULL,57,'female'),('833',1362,' Howard Lakin II','Forest officer',NULL,55,'female'),('835',8315,' Deborah Donnelly','Ticket issuer',NULL,47,'male'),('841',3019,'Rosanna Wiegand','Veterinary doctor',NULL,43,'female'),('86',2825,' Vinnie Carroll I','Accounts clerk',NULL,54,'male'),
('874',1478,'Mr. Jovany Stoltenberg','Ticket issuer',NULL,65,'male'),
('878',2343,'Mr. Dangelo Feil','Ticket issuerr',NULL,43,'male'),('879',1668,'Richmond Braun','Forest officer',NULL,51,'male'),('887',5758,'Itzel Schroeder','Veterinary doctor',NULL,43,'male'),('89',8295,' Bernie Ziemann V','Accounts clerk',NULL,33,'female'),('898',8741,'Onie Herzog','Accounts clerk',NULL,28,'female'),
('9',4196,'Bernadine Moore','Accounts clerk',NULL,62,'female'),('90',3731,' Colt Considine','Accounts clerk',NULL,43,'female'),('91',8968,' Sabrina Torp PhD','Veterinary doctor',NULL,51,'female');

-- Inventory
 -- Category:
	-- Vehicle - Boats,Passenger car/van,Trailer,Caravan,Goods van and truck,Moped,Agricultural vehicle,Bus,Motorcycle,Tractor
    -- Camping utilities - Life jackets,Paddles,Fire pan,First aid kit,Safety lines(ropes),Flash light,Tent,Picnic tables,Trash receptables,Barbecue grills,Sleeping bags,Lanterns,Maps and navigation tools
    -- Park tools - Fertilizers,Stump grinder,Sickle bar,Stationary set,Pipes,Hammer and saw,Lubricants and compounds,Tool kits,Torque tool box

INSERT INTO `Inventory` VALUES ('10','Goods van and truck','Vehicle',20,100),
('1','Caravan','Vehicle',25,80),('2','Boats','Vehicle',50,50),
('3','Tractor','Vehicle',30,100),('4','Agricultural vehicle','Vehicle',30,75),(
'5','Bus','Vehicle',22,10),('6','Motorcycle','Vehicle',45,55),
('7','Moped','Vehicle',37,60),('8','Passenger car/van','Vehicle',24,58),('9','Trailer','Vehicle',38,80),
('11','Trash receptables','Camping utilities',34,15),('12','Life jackets','Camping utilities',16,40),
('13','Safety lines(ropes)','Camping utilities',13,17),
('14','Fire pan','Camping utilities',33,43),('15','Paddles','Camping utilities',12,14),
('16','First aid kit','Camping utilities',26,47),('17','Sleeping bags','Camping utilities',24,33),
('18','Flash light','Camping utilities',13,35),('19','Lanterns','Camping utilities',27,42),
('20','Barbecue grills','Camping utilities',0,44),('21','Maps and navigation tools','Camping utilities',31,35),
('22','Picnic tables','Camping utilities',35,21),('23','Tent','Camping utilities',11,19),
('24','Lubricants and compounds','Park tools',12,13),('25','Stationary set','Park tools',43,15),
('26','Hammer and saw','Park tools',49,35),('27','Sickle bar','Park tools',41,12),
('28','Fertilizers','Park tools',36,21),('29','Tool kits','Park tools',33,35),
('30','Pipes','Park tools',21,39),('31','Torque tool box','Park tools',40,43),('32','Stump grinder','Park tools',25,12);

-- Department
INSERT INTO `Department_Manager` VALUES
('262'),('108'),('505'),('375'),('140');

-- Emp_Phone_No
INSERT INTO  `national_park`.`Emp_Phone_No` (`emp_id`, `phone_no`) VALUES
('108',8399875148),
('114',9716090079),
('127',4193938818),
('140',7402042638),
('142',1495072749),
('145',9898462117),
('173',9399597219),
('174',9044113534),
('179',8722477516),
('18',1509432747),
('183',5389780726),
('208',2986421603),
('221',8689963223),
('223',4926840974),
('229',7305242912),
('245',5465481130),
('253',4535882231),
('262',7223966065),
('263',1225673673),
('266',2877545227),
('27',8248206320),
('271',6522030857),
('282',2263594166),
('29',4826502649),
('295',2817007306),
('320',5278582595),
('330',2748306277),
('344',2097018461),
('346',8873386659),
('375',8046014350),
('378',8383688197),
('39',5298014436),
('392',3449265145),
('395',6913658082),
('396',8655728378),
('40',6424800663),
('402',8428964016),
('404',4927262047),
('412',5914994378),
('413',5023201848),
('424',7918884866),
('425',3802490661),
('449',5753086225),
('450',5304907432),
('471',3699530492),
('472',2732793187),
('474',2888773813),
('486',1478977169),
('505',1569262806),
('508',9838773731),
('510',2029917590),
('528',5151541472),
('533',7213468016),
('536',7213310127),
('537',9973813740),
('538',9611736644),
('542',6291226655),
('571',6012818914),
('573',7034673323),
('578',2021429947),
('579',1047606898),
('588',5513096970),
('598',5039980984),
('610',8111068049),
('613',1893177763),
('619',7567187654),
('620',2257377735),
('626',8583264072),
('656',9243906486),
('657',7219211788),
('667',9117771191),
('669',1426081080),
('671',7313885023),
('685',1451557190),
('690',2288720986),
('693',6789075876),
('7',5507805570),
('713',1479289763),
('727',1601562975),
('730',3119956602),
('733',5433674837),
('735',2092912099),
('736',8125168066),
('744',8375579623),
('757',1707956276),
('80',5173357174),
('800',5056657116),
('833',5732333277),
('835',5451977238),
('841',8571293697),
('86',4417154499),
('874',4029550424),
('878',1686924339),
('879',8226759459),
('887',4737949358),
('89',3019270038),
('898',7258561523),
('9',3309165779),
('90',4966173708),
('91',4966173712);

-- Department

INSERT INTO `Department` (`dept_id`,`dept_name`,`dept_mgr`) VALUES ("1","Forest officer","140"),
("2","Accounts clerk","375"),("3","Ticket issuer","505"),("4","Tour guide","108"),("5","Veterinary doctor","262");


-- Manage_Inventory
	-- Category - manager
		-- vehicle - tour guide
		-- Camping utilities -  ticket issuer
		-- Park tools - Forest officer

INSERT INTO `national_park`.`Manage_Inventory`
(`emp_id`,
`inv_id`)
VALUES
('108',1),('108',10),('108',2),('108',3),('108',4),('108',5),
('108',6),('108',7),('108',8),('108',9),('505',11),('505',12),
('505',13),('505',14),('505',15),('505',16),('505',17),
('505',18),('505',19),('505',20),('505',21),('505',22),
('505',23),('140',24),('140',25),('140',26),('140',27),
('140',28),('140',29),('140',30),('140',31),('140',32);

Insert into Accounts_CLerk(emp_id) values('114'),('127'),('145'),('174'),('208'),('266'),('27'),('375'),('450'),('474'),('486'),('733'),('90'),('9');


Insert into Account values
('1',	'Debit',	'Repair',	5000,	'Building repair for veterinary doctor')
('2',	'Debit',	'Repair',	2000,	'Fencing repair')
('3',	'Debit',	'Salary',	9000000,	'For year 2018')
('4',	'Debit',	'Salary',	9000000,	'For year 2017')
('5',	'Debit',	'Repair',	800,	'Vehicles servicing')
('6',	'Debit',	'Salary',	9000000,	'For year 2019')
('7',	'Debit',	'Construction',	10000,	'Constructing office building')
('8',	'Debit',	'Logistics',	20000,	'Misc')
('9',	'Debit',	'Logistics',	2453,	'Misc')
('10',	'Debit',	'Logistics',	1234,	'Misc')
('11',	'Credit',	'Donation',	50000,	'Government Donation');



Insert into Manage_Account values
('1','14'),
('2','127'),
('3','145'),
('4','174'),
('5','208'),
('6','266'),
('7','14'),
('8','127'),
('9','127),
('10','174'),
('11','14');

Insert into Forest_Officer(emp_id) values (select emp_id from employees where role ='Forest officer');

Insert into species values
('1',	'Pronghorn',	23	,'Antilocapridae',	'M',	'Mammal'),
('2',	'Bighorn Sheep',	42	,'Bovidae',	'M',	'Mammal'),
('3',	'Elk',	11	,'Cervidae',	'M',	'Mammal'),
('4',	'Mule Deer',	44	,'Cervidae',	'M',	'Mammal'),
('5',	'Coyote',	5	,'Canidae',	'M',	'Mammal'),
('6',	'Common Gray Fox',	22	,'Canidae',	'M',	'Mammal'),
('7',	'Kit Fox',	1	,'Canidae',	'M',	'Mammal'),
('8',	'Red Fox',	6	,'Canidae',	'M',	'Mammal'),
('9',	'Bobcat',	7	,'Felidae',	'M',	'Mammal'),
('10',	'Mountain Lion',	8	,'Felidae',	'M',	'Mammal'),
('11',	'Striped Skunk',	21	,'Mephitidae',	'M',	'Mammal'),
('12',	'Western Spotted Skunk',	24	,'Mephitidae',	'M',	'Mammal'),
('13',	'Northern River Otter',	21	,'Mustelidae',	'M',	'Mammal'),
('14',	'Long-tailed Weasel',	16	,'Mustelidae',	'M',	'Mammal'),
('15',	'American Mink',	78	,'Mustelidae',	'M',	'Mammal'),
('16',	'American Badger',	43	,'Mustelidae',	'F',	'Mammal'),
('17',	'Ringtail',	3	,'Procyonidae',	'F',	'Mammal'),
('18',	'Northern Raccoon',	7	,'Procyonidae',	'F',	'Mammal'),
('19',	'American Black Bear',	87	,'Ursidae',	'M',	'Mammal'),
('20',	'Big Free-tailed Bat',	6	,'Molossidae',	'M',	'Mammal'),
('21',	'Brazilian Free-tailed Bat',	41	,'Molossidae',	'M',	'Mammal'),
('22',	'Pallid Bat',	32	,'Vespertilionidae',	'F',	'Mammal'),
('23',	'Townsend's Big-eared Bat',	14	,'Vespertilionidae',	'M',	'Mammal'),
('24',	'Big Brown Bat',	16	,'Vespertilionidae',	'M',	'Mammal'),
('25',	'Spotted Bat',	41	,'Vespertilionidae',	'M',	'Mammal'),
('26',	'Allen's Big-eared Bat',	19	,'Vespertilionidae',	'F',	'Mammal'),
('27',	'Silver-haired Bat',	20	,'Vespertilionidae',	'F',	'Mammal'),
('28',	'Hoary Bat',	32	,'Vespertilionidae',	'F',	'Mammal'),
('29',	'California Myotis',	4	,'Vespertilionidae',	'F',	'Mammal'),
('30',	'Western Small-footed Myotis',	2	,'Vespertilionidae',	'F',	'Mammal'),
('31',	'Long-eared Myotis',	6	,'Vespertilionidae',	'F',	'Mammal'),
('32',	'Little Brown Myotis',	26	,'Vespertilionidae',	'M',	'Mammal'),
('33',	'Fringed Myotis',	63	,'Vespertilionidae',	'F',	'Mammal'),
('34',	'Long-legged Myotis',	46	,'Vespertilionidae',	'M',	'Mammal'),
('35',	'Yuma Myotis',	63	,'Vespertilionidae',	'M',	'Mammal'),
('36',	'Western Pipistrelle',	5	,'Vespertilionidae',	'M',	'Mammal'),
('37',	'Black-tailed Jackrabbit',	22	,'Leporidae',	'F',	'Mammal'),
('38',	'Desert Cottontail',	60	,'Leporidae',	'F',	'Mammal'),
('39',	'American Beaver',	15	,'Castoridae',	'F',	'Mammal');
