INSERT INTO `Activity` (`actv_id`, `actv_type`) VALUES ('1', 'Tour');
INSERT INTO `Activity` (`actv_id`, `actv_type`) VALUES ('11', 'Hiking');
INSERT INTO `Activity` (`actv_id`, `actv_type`) VALUES ('12', 'Tour');
INSERT INTO `Activity` (`actv_id`, `actv_type`) VALUES ('14', 'Camping');
INSERT INTO `Activity` (`actv_id`, `actv_type`) VALUES ('2', 'Camping');
INSERT INTO `Activity` (`actv_id`, `actv_type`) VALUES ('3', 'Tour');
INSERT INTO `Activity` (`actv_id`, `actv_type`) VALUES ('6', 'Camping');
INSERT INTO `Activity` (`actv_id`, `actv_type`) VALUES ('7', 'Camping');
INSERT INTO `Activity` (`actv_id`, `actv_type`) VALUES ('8', 'Camping');
INSERT INTO `Activity` (`actv_id`, `actv_type`) VALUES ('9', 'Tour');
INSERT INTO `Activity` (`actv_id`, `actv_type`) VALUES ('20', 'Hiking');
INSERT INTO `Activity` (`actv_id`, `actv_type`) VALUES ('21', 'Hiking');
INSERT INTO `Activity` (`actv_id`, `actv_type`) VALUES ('22', 'Hiking');
INSERT INTO `Activity` (`actv_id`, `actv_type`) VALUES ('23', 'Hiking');



INSERT INTO `Camping` (`actv_id`, `cost`, `site`) VALUES ('14', '485', 'nihil');
INSERT INTO `Camping` (`actv_id`, `cost`, `site`) VALUES ('6', '339', 'rem');
INSERT INTO `Camping` (`actv_id`, `cost`, `site`) VALUES ('7', '219', 'consequatur');
INSERT INTO `Camping` (`actv_id`, `cost`, `site`) VALUES ('8', '330', 'reiciendis');



INSERT INTO `Hiking` (`actv_id`, `trail`, `elevation`, `duration`, `distance`, `difficulty_level`) VALUES ('11', 'rerum', '11.07', '106.31', '27.28', 'moderate');
INSERT INTO `Hiking` (`actv_id`, `trail`, `elevation`, `duration`, `distance`, `difficulty_level`) VALUES ('20', 'nesciunt', '16.09', '63.20', '14.35', 'moderate');
INSERT INTO `Hiking` (`actv_id`, `trail`, `elevation`, `duration`, `distance`, `difficulty_level`) VALUES ('21', 'asperiores', '11.30', '74.96', '28.61', 'easy');
INSERT INTO `Hiking` (`actv_id`, `trail`, `elevation`, `duration`, `distance`, `difficulty_level`) VALUES ('22', 'labore', '7.27', '70.27', '23.05', 'moderate');
INSERT INTO `Hiking` (`actv_id`, `trail`, `elevation`, `duration`, `distance`, `difficulty_level`) VALUES ('23', 'provident', '16.25', '78.75', '23.19', 'hard');



INSERT INTO `Tourist` (`tourist_id`, `name`, `address`, `phone_no`, `email`) VALUES ('124474', 'Miss Lori Dach IV', '61508 Funk Circles\nWintheiserstad, CT 36873', '9623686984', 'leif.gottlieb@example.org');
INSERT INTO `Tourist` (`tourist_id`, `name`, `address`, `phone_no`, `email`) VALUES ('131091', 'Dr. Reymundo Ebert Sr.', '747 Romaguera Inlet Suite 802\nCorteztown, TN 63654', '9849883856', 'jalyn.brekke@example.net');
INSERT INTO `Tourist` (`tourist_id`, `name`, `address`, `phone_no`, `email`) VALUES ('134404', 'Lorine Hammes', '6633 Marvin Mills Apt. 477\nNorth Kallieview, ME 07840', '9931840784', 'zdaniel@example.com');
INSERT INTO `Tourist` (`tourist_id`, `name`, `address`, `phone_no`, `email`) VALUES ('137347', 'Mr. Rigoberto Crona', '5294 Ward Dam\nEast Paris, AK 11084-8970', '9298197896', 'jhansen@example.org');
INSERT INTO `Tourist` (`tourist_id`, `name`, `address`, `phone_no`, `email`) VALUES ('146294', 'Garth Lang', '9857 Georgiana Underpass Suite 615\nSouth Virginiashire, OH 52306-8070', '9752852597', 'kieran.hackett@example.com');
INSERT INTO `Tourist` (`tourist_id`, `name`, `address`, `phone_no`, `email`) VALUES ('147873', 'Ms. Brooke Gutmann Sr.', '61567 Royce Street\nGerholdview, MS 96766-8838', '9628490225', 'ugusikowski@example.net');
INSERT INTO `Tourist` (`tourist_id`, `name`, `address`, `phone_no`, `email`) VALUES ('177908', 'Prof. Juana Gottlieb II', '75780 Abigayle Courts Suite 694\nLake Hudson, AR 32049-5503', '9705270163', 'wilbert.nikolaus@example.com');
INSERT INTO `Tourist` (`tourist_id`, `name`, `address`, `phone_no`, `email`) VALUES ('20870', 'Ms. Lacey Maggio Jr.', '41216 Dejah Oval\nNorth Tessmouth, UT 81701-9958', '9636427358', 'kohler.sister@example.net');
INSERT INTO `Tourist` (`tourist_id`, `name`, `address`, `phone_no`, `email`) VALUES ('208789', 'Mr. Maxwell Klocko Jr.', '09196 Konopelski Lakes Suite 427\nNorth Everettberg, TX 94109', '9880556625', 'belle36@example.com');
INSERT INTO `Tourist` (`tourist_id`, `name`, `address`, `phone_no`, `email`) VALUES ('210733', 'Miss Rosemary Rippin V', '45969 Purdy Plaza\nPort Cortez, HI 38408-8155', '9613594809', 'tkeebler@example.net');
INSERT INTO `Tourist` (`tourist_id`, `name`, `address`, `phone_no`, `email`) VALUES ('211264', 'Cassidy Hamill', '409 Cartwright Canyon Suite 783\nBellashire, AZ 75740-0699', '9727620856', 'klocko.orlando@example.com');
INSERT INTO `Tourist` (`tourist_id`, `name`, `address`, `phone_no`, `email`) VALUES ('219586', 'Macy Ferry II', '786 Will Ridges\nEast Ida, FL 71183-6274', '9540359470', 'mabel.rohan@example.net');
INSERT INTO `Tourist` (`tourist_id`, `name`, `address`, `phone_no`, `email`) VALUES ('227116', 'Dr. Sidney Eichmann V', '98534 Flatley Common Apt. 747\nMcKenzieville, KS 18347-4232', '9942199995', 'kessler.ransom@example.com');
INSERT INTO `Tourist` (`tourist_id`, `name`, `address`, `phone_no`, `email`) VALUES ('231436', 'Dr. Lee Smith', '2497 Roob Mission Suite 524\nEwaldmouth, DC 28338', '9196029777', 'nannie94@example.com');
INSERT INTO `Tourist` (`tourist_id`, `name`, `address`, `phone_no`, `email`) VALUES ('35622', 'Laisha Towne', '12068 Danyka Stravenue\nCreminport, IA 72067', '9926854641', 'anabel.hackett@example.com');
INSERT INTO `Tourist` (`tourist_id`, `name`, `address`, `phone_no`, `email`) VALUES ('37271', 'Ashlynn Kutch', '3778 Consuelo Garden\nEast Dulce, MI 14809', '9895239200', 'kraig.koss@example.net');
INSERT INTO `Tourist` (`tourist_id`, `name`, `address`, `phone_no`, `email`) VALUES ('6982', 'Alena Grant', '31203 Rutherford Pass Suite 141\nAleenberg, GA 82291-7111', '9850342219', 'sabina.lubowitz@example.com');
INSERT INTO `Tourist` (`tourist_id`, `name`, `address`, `phone_no`, `email`) VALUES ('71110', 'Cary McLaughlin Jr.', '213 Alycia Plaza\nCarlieberg, AR 66175-8590', '9307778937', 'letha62@example.net');
INSERT INTO `Tourist` (`tourist_id`, `name`, `address`, `phone_no`, `email`) VALUES ('90773', 'Prof. Taylor Kuhlman', '027 Zieme Locks Suite 392\nKesslerstad, LA 09514', '9535035238', 'xosinski@example.com');
INSERT INTO `Tourist` (`tourist_id`, `name`, `address`, `phone_no`, `email`) VALUES ('95905', 'Leora Dooley Sr.', '98647 Ebert Curve Suite 574\nWest Santino, NH 44759', '9995910917', 'itremblay@example.org');



INSERT INTO `Activity_Booking` (`tourist_id`, `actv_id`, `booking_date`) VALUES ('124474', '1', '2001-04-29 12:24:21');
INSERT INTO `Activity_Booking` (`tourist_id`, `actv_id`, `booking_date`) VALUES ('131091', '11', '2011-05-09 22:57:54');
INSERT INTO `Activity_Booking` (`tourist_id`, `actv_id`, `booking_date`) VALUES ('134404', '12', '1988-02-05 04:04:21');
INSERT INTO `Activity_Booking` (`tourist_id`, `actv_id`, `booking_date`) VALUES ('137347', '14', '1984-05-16 12:24:30');
INSERT INTO `Activity_Booking` (`tourist_id`, `actv_id`, `booking_date`) VALUES ('146294', '2', '1992-03-06 12:07:13');
INSERT INTO `Activity_Booking` (`tourist_id`, `actv_id`, `booking_date`) VALUES ('147873', '3', '1972-12-13 08:35:35');
INSERT INTO `Activity_Booking` (`tourist_id`, `actv_id`, `booking_date`) VALUES ('177908', '6', '1975-10-14 01:24:08');
INSERT INTO `Activity_Booking` (`tourist_id`, `actv_id`, `booking_date`) VALUES ('20870', '7', '2001-07-01 11:50:54');
INSERT INTO `Activity_Booking` (`tourist_id`, `actv_id`, `booking_date`) VALUES ('208789', '8', '2017-10-29 18:20:21');
INSERT INTO `Activity_Booking` (`tourist_id`, `actv_id`, `booking_date`) VALUES ('210733', '9', '1974-12-25 20:22:52');





INSERT INTO `Employee` (`emp_id`, `salary`, `emp_name`, `role`, `emp_dept`, `age`, `gender`) VALUES ('1035026', '428610', 'Jameson Hills', 'Ticket issuer', 'medical', '55', 'male');
INSERT INTO `Employee` (`emp_id`, `salary`, `emp_name`, `role`, `emp_dept`, `age`, `gender`) VALUES ('1049406', '356424', 'Heather Kub MD', ' Department manager', 'forest', '68', 'female');
INSERT INTO `Employee` (`emp_id`, `salary`, `emp_name`, `role`, `emp_dept`, `age`, `gender`) VALUES ('1138530', '97454', 'Dr. Tyrell Schulist', ' Department manager', 'medical', '32', 'female');
INSERT INTO `Employee` (`emp_id`, `salary`, `emp_name`, `role`, `emp_dept`, `age`, `gender`) VALUES ('1197817', '344680', 'Jessica Smith', ' Accounts clerk', 'account', '33', 'male');
INSERT INTO `Employee` (`emp_id`, `salary`, `emp_name`, `role`, `emp_dept`, `age`, `gender`) VALUES ('145731', '111827', 'Keon Funk', 'Ticket issuer', 'hospitality', '41', 'female');
INSERT INTO `Employee` (`emp_id`, `salary`, `emp_name`, `role`, `emp_dept`, `age`, `gender`) VALUES ('1590047', '413544', 'Jasper Howe', 'Tour guide', 'forest', '33', 'female');
INSERT INTO `Employee` (`emp_id`, `salary`, `emp_name`, `role`, `emp_dept`, `age`, `gender`) VALUES ('1751972', '224046', 'Mireya Borer', ' Department manager', 'finance', '27', 'male');
INSERT INTO `Employee` (`emp_id`, `salary`, `emp_name`, `role`, `emp_dept`, `age`, `gender`) VALUES ('1895660', '167769', 'Enrique Konopelski', ' Department manager', 'finance', '53', 'female');
INSERT INTO `Employee` (`emp_id`, `salary`, `emp_name`, `role`, `emp_dept`, `age`, `gender`) VALUES ('2319039', '396961', 'Mafalda Hayes', ' Department manager', 'finance', '90', 'male');
INSERT INTO `Employee` (`emp_id`, `salary`, `emp_name`, `role`, `emp_dept`, `age`, `gender`) VALUES ('2521344', '327327', 'Alek Rice PhD', ' Accounts clerk', 'hospitality', '91', 'male');
INSERT INTO `Employee` (`emp_id`, `salary`, `emp_name`, `role`, `emp_dept`, `age`, `gender`) VALUES ('2570588', '409552', 'Mrs. Brisa Herzog IV', ' Forest officer', 'account', '67', 'female');
INSERT INTO `Employee` (`emp_id`, `salary`, `emp_name`, `role`, `emp_dept`, `age`, `gender`) VALUES ('265161', '295391', 'Jennifer Klein', ' Forest officer', 'finance', '97', 'male');
INSERT INTO `Employee` (`emp_id`, `salary`, `emp_name`, `role`, `emp_dept`, `age`, `gender`) VALUES ('2680439', '262632', 'Darrell Mayer', ' Forest officer', 'account', '61', 'female');
INSERT INTO `Employee` (`emp_id`, `salary`, `emp_name`, `role`, `emp_dept`, `age`, `gender`) VALUES ('2693337', '233853', 'Prof. Calista Ritchie III', ' Forest officer', 'account', '22', 'female');
INSERT INTO `Employee` (`emp_id`, `salary`, `emp_name`, `role`, `emp_dept`, `age`, `gender`) VALUES ('2703890', '96218', 'Kaia Kemmer', 'Ticket issuer', 'finance', '85', 'male');
INSERT INTO `Employee` (`emp_id`, `salary`, `emp_name`, `role`, `emp_dept`, `age`, `gender`) VALUES ('2724729', '61394', 'Prof. Granville Gerlach PhD', ' Accounts clerk', 'hospitality', '92', 'male');
INSERT INTO `Employee` (`emp_id`, `salary`, `emp_name`, `role`, `emp_dept`, `age`, `gender`) VALUES ('3162450', '150574', 'Orie Wuckert', ' Accounts clerk', 'forest', '76', 'male');
INSERT INTO `Employee` (`emp_id`, `salary`, `emp_name`, `role`, `emp_dept`, `age`, `gender`) VALUES ('3202457', '482404', 'Candace Mraz', 'Ticket issuer', 'hospitality', '48', 'female');
INSERT INTO `Employee` (`emp_id`, `salary`, `emp_name`, `role`, `emp_dept`, `age`, `gender`) VALUES ('3239796', '222728', 'Dr. Nia Nader I', ' Department manager', 'forest', '86', 'female');
INSERT INTO `Employee` (`emp_id`, `salary`, `emp_name`, `role`, `emp_dept`, `age`, `gender`) VALUES ('3343944', '297749', 'Gregory Stroman IV', 'Ticket issuer', 'finance', '23', 'female');
INSERT INTO `Employee` (`emp_id`, `salary`, `emp_name`, `role`, `emp_dept`, `age`, `gender`) VALUES ('3475379', '80818', 'Dr. Eladio O\'Reilly', 'Tour guide', 'forest', '51', 'female');
INSERT INTO `Employee` (`emp_id`, `salary`, `emp_name`, `role`, `emp_dept`, `age`, `gender`) VALUES ('3704875', '442855', 'Mr. Waldo Erdman', ' Accounts clerk', 'account', '74', 'female');
INSERT INTO `Employee` (`emp_id`, `salary`, `emp_name`, `role`, `emp_dept`, `age`, `gender`) VALUES ('3781558', '386243', 'Antwon McKenzie', 'Tour guide', 'finance', '64', 'female');
INSERT INTO `Employee` (`emp_id`, `salary`, `emp_name`, `role`, `emp_dept`, `age`, `gender`) VALUES ('3795273', '200780', 'Annamae Rau', ' Accounts clerk', 'medical', '49', 'female');
INSERT INTO `Employee` (`emp_id`, `salary`, `emp_name`, `role`, `emp_dept`, `age`, `gender`) VALUES ('3803429', '199271', 'Dr. Pat Fay III', ' Accounts clerk', 'account', '22', 'female');
INSERT INTO `Employee` (`emp_id`, `salary`, `emp_name`, `role`, `emp_dept`, `age`, `gender`) VALUES ('402525', '452703', 'Adolphus Paucek', ' Accounts clerk', 'account', '98', 'female');
INSERT INTO `Employee` (`emp_id`, `salary`, `emp_name`, `role`, `emp_dept`, `age`, `gender`) VALUES ('4298939', '59657', 'Elvis Towne V', ' Forest officer', 'finance', '51', 'female');
INSERT INTO `Employee` (`emp_id`, `salary`, `emp_name`, `role`, `emp_dept`, `age`, `gender`) VALUES ('4626084', '299413', 'Mr. Bernhard Adams', 'Tour guide', 'medical', '40', 'female');
INSERT INTO `Employee` (`emp_id`, `salary`, `emp_name`, `role`, `emp_dept`, `age`, `gender`) VALUES ('4855283', '107700', 'Dr. Malachi Parker', ' Accounts clerk', 'medical', '35', 'female');
INSERT INTO `Employee` (`emp_id`, `salary`, `emp_name`, `role`, `emp_dept`, `age`, `gender`) VALUES ('4912521', '397361', 'Zakary Beier', ' Department manager', 'medical', '88', 'female');
INSERT INTO `Employee` (`emp_id`, `salary`, `emp_name`, `role`, `emp_dept`, `age`, `gender`) VALUES ('5017166', '219558', 'Meggie Bogisich', 'Ticket issuer', 'hospitality', '68', 'female');
INSERT INTO `Employee` (`emp_id`, `salary`, `emp_name`, `role`, `emp_dept`, `age`, `gender`) VALUES ('5230080', '307409', 'Dr. Zetta Cormier', ' Accounts clerk', 'account', '84', 'male');
INSERT INTO `Employee` (`emp_id`, `salary`, `emp_name`, `role`, `emp_dept`, `age`, `gender`) VALUES ('5299898', '479499', 'Mr. Faustino Rolfson', ' Accounts clerk', 'medical', '75', 'male');
INSERT INTO `Employee` (`emp_id`, `salary`, `emp_name`, `role`, `emp_dept`, `age`, `gender`) VALUES ('5364808', '494499', 'Lyda Lind III', 'Ticket issuer', 'medical', '70', 'male');
INSERT INTO `Employee` (`emp_id`, `salary`, `emp_name`, `role`, `emp_dept`, `age`, `gender`) VALUES ('5908981', '387633', 'Mrs. Anya King', ' Accounts clerk', 'account', '91', 'male');
INSERT INTO `Employee` (`emp_id`, `salary`, `emp_name`, `role`, `emp_dept`, `age`, `gender`) VALUES ('6120072', '379810', 'Joany Rolfson I', ' Department manager', 'finance', '61', 'male');
INSERT INTO `Employee` (`emp_id`, `salary`, `emp_name`, `role`, `emp_dept`, `age`, `gender`) VALUES ('6330126', '115167', 'Prof. Fay Heathcote', ' Forest officer', 'account', '37', 'female');
INSERT INTO `Employee` (`emp_id`, `salary`, `emp_name`, `role`, `emp_dept`, `age`, `gender`) VALUES ('6344264', '220321', 'Zita Dietrich', ' Forest officer', 'medical', '18', 'male');
INSERT INTO `Employee` (`emp_id`, `salary`, `emp_name`, `role`, `emp_dept`, `age`, `gender`) VALUES ('6777441', '389823', 'Prof. Garnett Fisher MD', ' Accounts clerk', 'forest', '18', 'male');
INSERT INTO `Employee` (`emp_id`, `salary`, `emp_name`, `role`, `emp_dept`, `age`, `gender`) VALUES ('6905400', '299028', 'Mrs. Reba Wilkinson DDS', ' Forest officer', 'forest', '62', 'male');
INSERT INTO `Employee` (`emp_id`, `salary`, `emp_name`, `role`, `emp_dept`, `age`, `gender`) VALUES ('7112090', '351742', 'Carolyne Mann', 'Tour guide', 'account', '33', 'female');
INSERT INTO `Employee` (`emp_id`, `salary`, `emp_name`, `role`, `emp_dept`, `age`, `gender`) VALUES ('7289444', '109473', 'Dr. Gwendolyn McKenzie PhD', 'Ticket issuer', 'medical', '97', 'female');
INSERT INTO `Employee` (`emp_id`, `salary`, `emp_name`, `role`, `emp_dept`, `age`, `gender`) VALUES ('8683804', '278410', 'Sheridan Collier', ' Accounts clerk', 'medical', '27', 'female');
INSERT INTO `Employee` (`emp_id`, `salary`, `emp_name`, `role`, `emp_dept`, `age`, `gender`) VALUES ('870117', '75996', 'Rosanna Hodkiewicz', ' Accounts clerk', 'hospitality', '66', 'female');
INSERT INTO `Employee` (`emp_id`, `salary`, `emp_name`, `role`, `emp_dept`, `age`, `gender`) VALUES ('8860188', '277920', 'Nat Nienow Sr.', 'Ticket issuer', 'hospitality', '87', 'male');
INSERT INTO `Employee` (`emp_id`, `salary`, `emp_name`, `role`, `emp_dept`, `age`, `gender`) VALUES ('907462', '356860', 'Antonietta Heaney', ' Department manager', 'finance', '58', 'female');
INSERT INTO `Employee` (`emp_id`, `salary`, `emp_name`, `role`, `emp_dept`, `age`, `gender`) VALUES ('9656348', '116221', 'Maribel Spencer', ' Forest officer', 'hospitality', '36', 'female');
INSERT INTO `Employee` (`emp_id`, `salary`, `emp_name`, `role`, `emp_dept`, `age`, `gender`) VALUES ('9841432', '163155', 'Arvel Ankunding III', ' Accounts clerk', 'hospitality', '96', 'male');
INSERT INTO `Employee` (`emp_id`, `salary`, `emp_name`, `role`, `emp_dept`, `age`, `gender`) VALUES ('9912644', '207260', 'Francisca Osinski', ' Forest officer', 'account', '81', 'male');
INSERT INTO `Employee` (`emp_id`, `salary`, `emp_name`, `role`, `emp_dept`, `age`, `gender`) VALUES ('9918553', '368943', 'Amir O\'Keefe', 'Ticket issuer', 'finance', '95', 'female');
INSERT INTO `Employee` VALUES ('108',6000,'Curt Gibson','Tour guide',NULL,61,'male'),
('114',5612,'Miss Earnestine Cormier PhD','Accounts clerk',NULL,32,'male'),
('127',2943,'Cassie Cummings','Account Clerk',NULL,30,'male'),
('140',10000,'Tyreek Funk','Veterinary doctor',NULL,25,'female'),('142',4921,'Stephen King','Forest officer',NULL,31,'female'),
('145',7264,' Braxton Marquardt','Account Clerkr',NULL,53,'female'),('173',6135,'Ms. Noemy Kling Sr.','Veterinary doctor',NULL,48,'male'),
('174',8052,'Albina Casper','Tour guide',NULL,67,'male'),('179',7642,'Kirstin Hansen','Account Clerk',NULL,51,'male'),
('18',5340,'Stephania Beier MD','Tour guide',NULL,67,'female'),
('183',9577,'Kole Cormier','Tour guide',NULL,49,'female'),
('208',2611,'Edmund Powlowski','Accounts clerk',NULL,42,'male'),
('221',6693,'Patricia Weber','Forest officer',NULL,42,'female'),
('223',6863,' Reyna Schaden III','Tour guide',NULL,60,'female'),
('229',4000,'Mrs. Noemi Monahan Jr.','Veterinary doctor',NULL,61,'female'),
('245',8764,'Lily Rippin','Veterinary doctor',NULL,39,'male'),('253',5129,'Ms. Dahlia Harvey','Ticket issuer',NULL,52,'male'),
('262',9000,'Kennith McKenzie','Ticket issuer',NULL,41,'male'),('263',4327,'Gertrude Gleichner','Tour guide',NULL,32,'male'),
('266',6178,' Tyler Kozey','Accounts clerk',NULL,66,'female'),('27',3944,'Lenore Schamberger','Accounts clerk',NULL,44,'male'),('271',9372,' Hubert Schmitt IV','Tour guide',NULL,45,'female'),('282',7581,'Madge Koelpin','Accounts clerk',NULL,36,'male'),('29',2550,'Chyna Cummings Jr.','Veterinary doctor',NULL,34,'male'),('295',6025,'Wilmer Hoppe IV','Veterinary doctor',NULL,47,'female'),('320',9472,' Arne Wehner PhD','Accounts clerk',NULL,63,'female'),('330',7268,'Jarrell Ebert','Accounts clerk',NULL,53,'male'),('344',7520,'Leonel Tromp','Forest officer',NULL,48,'female'),('346',5744,'Gustave Gerlach','Forest officer',NULL,40,'female'),
('375',7000,'Cleta Goldner DVM','Accounts clerk',NULL,45,'male'),('378',3050,'Hannah O\'Kon','Tour guide',NULL,60,'female'),('39',2274,'Kacie Kertzmann','Veterinary doctor',NULL,49,'female'),('392',8057,' Reilly Boyer DDS','Tour guide',NULL,35,'female'),('395',6238,' Ofelia Grimes','Forest officer',NULL,60,'male'),('396',5364,' Kara DuBuque','Veterinary doctor',NULL,37,'female'),
('40',9583,'Ladarius Hamill III','Tour guide',NULL,39,'male'),('402',1874,'Joanie Schowalter','Tour guide',NULL,58,'male'),
('404',6594,'Marley Gusikowski II','Veterinary doctor',NULL,56,'female'),('412',9235,'Tyrel O\'Conner','Veterinary doctor',NULL,26,'male'),('413',5675,'Abelardo Hettinger','Ticket issuer',NULL,36,'female'),('424',2497,'Jacey Cole Sr.','Forest officer',NULL,46,'female'),('425',6160,'Mckayla Roberts','Tour guide',NULL,31,'female'),('449',4440,'Gabe Barton','Ticket ssuer',NULL,37,'female'),
('450',6695,'Thea Jacobi','Accounts clerk',NULL,33,'male'),('471',2890,' Genesis Schroeder IV','Forest officer',NULL,60,'female'),('472',8532,' Carole Fay DDS','Ticket issuer',NULL,38,'male'),
('474',3119,'Darien Walter','Accounts clerk',NULL,65,'male'),('486',2148,'Pamela Stanton','Accounts clerk',NULL,65,'male'),('505',8000,'Omer Jerde','Forest officer',NULL,61,'male'),('508',4102,' Dorothea Langworth DVM','Forest officer',NULL,54,'male'),
('510',7242,'Doyle Hamill','Ticket issuer',NULL,50,'female'),('528',2098,'Mr. Jayme Weber','Veterinary doctor',NULL,36,'male'),('533',9827,'Devin Farrell','Veterinary doctor',NULL,27,'male'),('536',9997,'Earlene Bruen','Accounts clerk',NULL,45,'female'),('537',3391,'Kasey Frami Jr.','Ticket issuer',NULL,36,'female'),('538',6694,'Lincoln Weber','Accounts clerk',NULL,53,'male'),('542',6666,'Miss Joanie Weissnat II','Veterinary doctor',NULL,51,'female'),('571',9599,'Muhammad Ruecker','Tour guide',NULL,33,'female'),('573',5692,' Adolf Schoen','Ticket issuer',NULL,62,'male'),('578',2434,'Ari Hilll','Forest officer',NULL,57,'male'),('579',2788,'Victor Schmitt','Veterinary doctor',NULL,69,'male'),('588',3938,'Amy Gerlach','Veterinary doctor',NULL,64,'female'),('598',2227,'Jaida Breitenberg','Ticket issuer',NULL,54,'female'),('610',2369,'Mr. Joan Feil II','Ticket issuer',NULL,25,'male'),('613',4655,'Chester Abernathy','Ticket issuer',NULL,41,'female'),('619',1536,'Stone Kertzmann','Ticket issuer',NULL,34,'female'),('620',4053,'Miss Mabel Bauch DVM','Tour guide',NULL,61,'male'),('626',9002,'Alvis Anderson','Accounts clerk',NULL,30,'male'),('656',4774,'Luz Hand','Tour guide',NULL,59,'female'),('657',3285,'Payton Buckridge','Ticket issuer',NULL,55,'female'),('667',2306,'Tyshawn Mills PhD','Tour guide',NULL,43,'female'),('669',4418,'Mr. Lonnie Olson','Forest officer',NULL,48,'male'),('671',5318,' Reyna Marquardt','Veterinary doctor',NULL,50,'female'),('685',1579,'Jayde Marquardt','Forest officer',NULL,25,'female'),('690',7095,'Carlo Hessel','Ticket issuer',NULL,53,'female'),
('693',5631,' Johan Kuhn I','Tour guide',NULL,33,'male'),('7',7691,'Everardo Swift DVM','Forest officer',NULL,47,'male'),('713',8223,' Rogelio Doyle','Ticket issuer',NULL,33,'female'),('727',8302,'Sylvia Jacobs PhD','Tour guide',NULL,54,'female'),
('730',3453,'Daphne Leffler','Tour guide',NULL,65,'female'),('733',5360,'Allen Hamill Jr.','Accounts clerk',NULL,68,'male'),('735',8447,'Mellie Kutch','Ticket issuer',NULL,67,'female'),('736',7222,'Devin Fahey','Forest officer',NULL,60,'female'),('744',4365,'Jarvis Rau','Accounts clerk',NULL,68,'male'),('757',8978,'Nikki White V','Ticket issuer',NULL,67,'female'),
('80',7434,'Ms. Elouise Grant Sr.','Forest officer',NULL,30,'female'),('800',8701,'Brian Bernhard','Tour guide',NULL,57,'female'),('833',1362,' Howard Lakin II','Forest officer',NULL,55,'female'),('835',8315,' Deborah Donnelly','Ticket issuer',NULL,47,'male'),('841',3019,'Rosanna Wiegand','Veterinary doctor',NULL,43,'female'),('86',2825,' Vinnie Carroll I','Accounts clerk',NULL,54,'male'),
('874',1478,'Mr. Jovany Stoltenberg','Ticket issuer',NULL,65,'male'),
('878',2343,'Mr. Dangelo Feil','Ticket issuerr',NULL,43,'male'),('879',1668,'Richmond Braun','Forest officer',NULL,51,'male'),('887',5758,'Itzel Schroeder','Veterinary doctor',NULL,43,'male'),('89',8295,' Bernie Ziemann V','Accounts clerk',NULL,33,'female'),('898',8741,'Onie Herzog','Accounts clerk',NULL,28,'female'),
('9',4196,'Bernadine Moore','Accounts clerk',NULL,62,'female'),('90',3731,' Colt Considine','Accounts clerk',NULL,43,'female'),('91',8968,' Sabrina Torp PhD','Veterinary doctor',NULL,51,'female');



INSERT INTO `Emp_Phone_No` (`emp_id`, `phone_no`) VALUES ('1035026', '9703618746');
INSERT INTO `Emp_Phone_No` (`emp_id`, `phone_no`) VALUES ('1049406', '9538232196');
INSERT INTO `Emp_Phone_No` (`emp_id`, `phone_no`) VALUES ('1138530', '9689604381');
INSERT INTO `Emp_Phone_No` (`emp_id`, `phone_no`) VALUES ('1197817', '9123825048');
INSERT INTO `Emp_Phone_No` (`emp_id`, `phone_no`) VALUES ('145731', '9210182691');
INSERT INTO `Emp_Phone_No` (`emp_id`, `phone_no`) VALUES ('1590047', '9222384687');
INSERT INTO `Emp_Phone_No` (`emp_id`, `phone_no`) VALUES ('1751972', '9383884839');
INSERT INTO `Emp_Phone_No` (`emp_id`, `phone_no`) VALUES ('1895660', '9926145406');
INSERT INTO `Emp_Phone_No` (`emp_id`, `phone_no`) VALUES ('2319039', '9512745822');
INSERT INTO `Emp_Phone_No` (`emp_id`, `phone_no`) VALUES ('2521344', '9644202342');
INSERT INTO  `national_park`.`Emp_Phone_No` (`emp_id`, `phone_no`) VALUES
('108',8399875148),
('114',9716090079),
('127',4193938818),
('140',7402042638),
('142',1495072749),
('145',9898462117),
('173',9399597219),
('174',9044113534),
('179',8722477516),
('18',1509432747),
('183',5389780726),
('208',2986421603),
('221',8689963223),
('223',4926840974),
('229',7305242912),
('245',5465481130),
('253',4535882231),
('262',7223966065),
('263',1225673673),
('266',2877545227),
('27',8248206320),
('271',6522030857),
('282',2263594166),
('29',4826502649),
('295',2817007306),
('320',5278582595),
('330',2748306277),
('344',2097018461),
('346',8873386659),
('375',8046014350),
('378',8383688197),
('39',5298014436),
('392',3449265145),
('395',6913658082),
('396',8655728378),
('40',6424800663),
('402',8428964016),
('404',4927262047),
('412',5914994378),
('413',5023201848),
('424',7918884866),
('425',3802490661),
('449',5753086225),
('450',5304907432),
('471',3699530492),
('472',2732793187),
('474',2888773813),
('486',1478977169),
('505',1569262806),
('508',9838773731),
('510',2029917590),
('528',5151541472),
('533',7213468016),
('536',7213310127),
('537',9973813740),
('538',9611736644),
('542',6291226655),
('571',6012818914),
('573',7034673323),
('578',2021429947),
('579',1047606898),
('588',5513096970),
('598',5039980984),
('610',8111068049),
('613',1893177763),
('619',7567187654),
('620',2257377735),
('626',8583264072),
('656',9243906486),
('657',7219211788),
('667',9117771191),
('669',1426081080),
('671',7313885023),
('685',1451557190),
('690',2288720986),
('693',6789075876),
('7',5507805570),
('713',1479289763),
('727',1601562975),
('730',3119956602),
('733',5433674837),
('735',2092912099),
('736',8125168066),
('744',8375579623),
('757',1707956276),
('80',5173357174),
('800',5056657116),
('833',5732333277),
('835',5451977238),
('841',8571293697),
('86',4417154499),
('874',4029550424),
('878',1686924339),
('879',8226759459),
('887',4737949358),
('89',3019270038),
('898',7258561523),
('9',3309165779),
('90',4966173708),
('91',4966173712);





INSERT INTO `Tour_Guide` (`emp_id`) VALUES ('1590047');
INSERT INTO `Tour_Guide` (`emp_id`) VALUES ('3475379');
INSERT INTO `Tour_Guide` (`emp_id`) VALUES ('3781558');
INSERT INTO `Tour_Guide` (`emp_id`) VALUES ('4626084');



INSERT INTO `Tour` (`actv_id`, `vehicle`, `guide`, `cost`, `route`, `managed_by`) VALUES ('1', 'suv', '1590047', '204.07', 'quam', '1590047');
INSERT INTO `Tour` (`actv_id`, `vehicle`, `guide`, `cost`, `route`, `managed_by`) VALUES ('3', 'jeep', '3475379', '286.01', 'ipsam', '3475379');
INSERT INTO `Tour` (`actv_id`, `vehicle`, `guide`, `cost`, `route`, `managed_by`) VALUES ('12', 'jeep', '3781558', '264.78', 'omnis', '3781558');
INSERT INTO `Tour` (`actv_id`, `vehicle`, `guide`, `cost`, `route`, `managed_by`) VALUES ('9', 'jeep', '4626084', '249.27', 'nisi', '4626084');



INSERT INTO `Tourist_Guide` (`tourist_id`, `emp_id`) VALUES ('124474', '1590047');
INSERT INTO `Tourist_Guide` (`tourist_id`, `emp_id`) VALUES ('131091', '3475379');
INSERT INTO `Tourist_Guide` (`tourist_id`, `emp_id`) VALUES ('134404', '3781558');
INSERT INTO `Tourist_Guide` (`tourist_id`, `emp_id`) VALUES ('137347', '4626084');



INSERT INTO `Types_of_Tours_Managed` (`emp_id`, `type_of_tour`) VALUES ('1590047', 'voluptas');
INSERT INTO `Types_of_Tours_Managed` (`emp_id`, `type_of_tour`) VALUES ('3475379', 'asperiores');
INSERT INTO `Types_of_Tours_Managed` (`emp_id`, `type_of_tour`) VALUES ('3781558', 'eveniet');
INSERT INTO `Types_of_Tours_Managed` (`emp_id`, `type_of_tour`) VALUES ('4626084', 'praesentium');




INSERT INTO `Languages_Known_Tour_Guide` (`emp_id`, `language`) VALUES ('1590047', 'hindi');
INSERT INTO `Languages_Known_Tour_Guide` (`emp_id`, `language`) VALUES ('3475379', 'english');
INSERT INTO `Languages_Known_Tour_Guide` (`emp_id`, `language`) VALUES ('4626084', 'espaneol');



INSERT INTO `Ticket_Issuer` (`emp_id`) VALUES ('1035026');
INSERT INTO `Ticket_Issuer` (`emp_id`) VALUES ('3202457');
INSERT INTO `Ticket_Issuer` (`emp_id`) VALUES ('3343944');
INSERT INTO `Ticket_Issuer` (`emp_id`) VALUES ('145731');



INSERT INTO `Ticket` (`ticket_id`, `description`, `tier`, `tier_price`, `issued_by`, `bought_by`) VALUES ('11722417', 'Repudiandae aspernatur blanditiis laudantium quaerat amet.', 'gold', '100.00', '1035026', '124474');
INSERT INTO `Ticket` (`ticket_id`, `description`, `tier`, `tier_price`, `issued_by`, `bought_by`) VALUES ('15889267', 'Vel animi illum hic officia sit.', 'diamond', '400.00', '3202457', '131091');
INSERT INTO `Ticket` (`ticket_id`, `description`, `tier`, `tier_price`, `issued_by`, `bought_by`) VALUES ('16051802', 'Cumque illo vitae similique voluptatibus.', 'platinum', '100.00', '3202457', '177908');
INSERT INTO `Ticket` (`ticket_id`, `description`, `tier`, `tier_price`, `issued_by`, `bought_by`) VALUES ('1629000', 'Magnam quam sed aliquam totam.', 'platinum', '300.00', '145731', '137347');
INSERT INTO `Ticket` (`ticket_id`, `description`, `tier`, `tier_price`, `issued_by`, `bought_by`) VALUES ('19807411', 'Placeat dolor illum et sunt.', 'diamond', '300.00', '1035026', '147873');
INSERT INTO `Ticket` (`ticket_id`, `description`, `tier`, `tier_price`, `issued_by`, `bought_by`) VALUES ('2741708', 'Aut cum nihil voluptate aut.', 'gold', '100.00', '145731', '146294');
INSERT INTO `Ticket` (`ticket_id`, `description`, `tier`, `tier_price`, `issued_by`, `bought_by`) VALUES ('4813741', 'Molestiae ut repellendus quod voluptatem saepe minima modi.', 'diamond', '200.00', '145731', '210733');
INSERT INTO `Ticket` (`ticket_id`, `description`, `tier`, `tier_price`, `issued_by`, `bought_by`) VALUES ('5468822', 'Esse aut est aperiam quia consequuntur.', 'diamond', '300.00', '3343944', '20870');
INSERT INTO `Ticket` (`ticket_id`, `description`, `tier`, `tier_price`, `issued_by`, `bought_by`) VALUES ('8854715', 'Sunt enim asperiores est velit est.', 'gold', '100.00', '3343944', '208789');
INSERT INTO `Ticket` (`ticket_id`, `description`, `tier`, `tier_price`, `issued_by`, `bought_by`) VALUES ('9622139', 'Laudantium quod voluptatem reprehenderit.', 'diamond', '400.00', '3343944', '134404');


INSERT INTO `Inventory` VALUES ('10','Goods van and truck','Vehicle',20,100),
('1','Caravan','Vehicle',25,80),('2','Boats','Vehicle',50,50),
('3','Tractor','Vehicle',30,100),('4','Agricultural vehicle','Vehicle',30,75),(
'5','Bus','Vehicle',22,10),('6','Motorcycle','Vehicle',45,55),
('7','Moped','Vehicle',37,60),('8','Passenger car/van','Vehicle',24,58),('9','Trailer','Vehicle',38,80),
('11','Trash receptables','Camping utilities',34,15),('12','Life jackets','Camping utilities',16,40),
('13','Safety lines(ropes)','Camping utilities',13,17),
('14','Fire pan','Camping utilities',33,43),('15','Paddles','Camping utilities',12,14),
('16','First aid kit','Camping utilities',26,47),('17','Sleeping bags','Camping utilities',24,33),
('18','Flash light','Camping utilities',13,35),('19','Lanterns','Camping utilities',27,42),
('20','Barbecue grills','Camping utilities',0,44),('21','Maps and navigation tools','Camping utilities',31,35),
('22','Picnic tables','Camping utilities',35,21),('23','Tent','Camping utilities',11,19),
('24','Lubricants and compounds','Park tools',12,13),('25','Stationary set','Park tools',43,15),
('26','Hammer and saw','Park tools',49,35),('27','Sickle bar','Park tools',41,12),
('28','Fertilizers','Park tools',36,21),('29','Tool kits','Park tools',33,35),
('30','Pipes','Park tools',21,39),('31','Torque tool box','Park tools',40,43),('32','Stump grinder','Park tools',25,12);

INSERT INTO `Department_Manager` VALUES
('262'),('108'),('505'),('375'),('140');

INSERT INTO `Department` (`dept_id`,`dept_name`,`dept_mgr`) VALUES ("1","Forest officer","140"),
("2","Accounts clerk","375"),("3","Ticket issuer","505"),("4","Tour guide","108"),("5","Veterinary doctor","262");

INSERT INTO `Manage_Inventory`
(`emp_id`,
`inv_id`)
VALUES
('108',1),('108',10),('108',2),('108',3),('108',4),('108',5),
('108',6),('108',7),('108',8),('108',9),('505',11),('505',12),
('505',13),('505',14),('505',15),('505',16),('505',17),
('505',18),('505',19),('505',20),('505',21),('505',22),
('505',23),('140',24),('140',25),('140',26),('140',27),
('140',28),('140',29),('140',30),('140',31),('140',32);

Insert into Accounts_Clerk(emp_id) values('114'),('127'),('145'),('174'),('208'),('266'),('27'),('375'),('450'),('474'),('486'),('733'),('90'),('9');


Insert into Account values
('1',	'Debit',	'Repair',	5000,	'Building repair for veterinary doctor'),
('2',	'Debit',	'Repair',	2000,	'Fencing repair'),
('3',	'Debit',	'Salary',	9000000,	'For year 2018'),
('4',	'Debit',	'Salary',	9000000,	'For year 2017'),
('5',	'Debit',	'Repair',	800,	'Vehicles servicing'),
('6',	'Debit',	'Salary',	9000000,	'For year 2019'),
('7',	'Debit',	'Construction',	10000,	'Constructing office building'),
('8',	'Debit',	'Logistics',	20000,	'Misc'),
('9',	'Debit',	'Logistics',	2453,	'Misc'),
('10',	'Debit',	'Logistics',	1234,	'Misc'),
('11',	'Credit',	'Donation',	50000,	'Government Donation');


Insert into Manage_Account(transaction_id, emp_id) values
('1','114'),
('2','127'),
('3','9');

Insert into Forest_Officer(emp_id) (select emp_id from Employee where role ='Forest officer');

Insert into Species values
('1',	'Pronghorn',	23	,'Antilocapridae',	'M',	'Mammal'),
('2',	'Bighorn Sheep',	42	,'Bovidae',	'M',	'Mammal'),
('3',	'Elk',	11	,'Cervidae',	'M',	'Mammal'),
('4',	'Mule Deer',	44	,'Cervidae',	'M',	'Mammal'),
('5',	'Coyote',	5	,'Canidae',	'M',	'Mammal'),
('6',	'Common Gray Fox',	22	,'Canidae',	'M',	'Mammal'),
('7',	'Kit Fox',	1	,'Canidae',	'M',	'Mammal'),
('8',	'Red Fox',	6	,'Canidae',	'M',	'Mammal'),
('9',	'Bobcat',	7	,'Felidae',	'M',	'Mammal'),
('10',	'Mountain Lion',	8	,'Felidae',	'M',	'Mammal'),
('11',	'Striped Skunk',	21	,'Mephitidae',	'M',	'Mammal'),
('12',	'Western Spotted Skunk',	24	,'Mephitidae',	'M',	'Mammal'),
('13',	'Northern River Otter',	21	,'Mustelidae',	'M',	'Mammal'),
('14',	'Long-tailed Weasel',	16	,'Mustelidae',	'M',	'Mammal'),
('15',	'American Mink',	78	,'Mustelidae',	'M',	'Mammal'),
('16',	'American Badger',	43	,'Mustelidae',	'F',	'Mammal'),
('17',	'Ringtail',	3	,'Procyonidae',	'F',	'Mammal'),
('18',	'Northern Raccoon',	7	,'Procyonidae',	'F',	'Mammal'),
('19',	'American Black Bear',	87	,'Ursidae',	'M',	'Mammal'),
('20',	'Big Free-tailed Bat',	6	,'Molossidae',	'M',	'Mammal'),
('21',	'Brazilian Free-tailed Bat',	41	,'Molossidae',	'M',	'Mammal'),
('22',	'Pallid Bat',	32	,'Vespertilionidae',	'F',	'Mammal'),
('23',	'Townsend''s Big-eared Bat',	14	,'Vespertilionidae',	'M',	'Mammal'),
('24',	'Big Brown Bat',	16	,'Vespertilionidae',	'M',	'Mammal'),
('25',	'Spotted Bat',	41	,'Vespertilionidae',	'M',	'Mammal'),
('26',	'Allen''s Big-eared Bat',	19	,'Vespertilionidae',	'F',	'Mammal'),
('27',	'Silver-haired Bat',	20	,'Vespertilionidae',	'F',	'Mammal'),
('28',	'Hoary Bat',	32	,'Vespertilionidae',	'F',	'Mammal'),
('29',	'California Myotis',	4	,'Vespertilionidae',	'F',	'Mammal'),
('30',	'Western Small-footed Myotis',	2	,'Vespertilionidae',	'F',	'Mammal'),
('31',	'Long-eared Myotis',	6	,'Vespertilionidae',	'F',	'Mammal'),
('32',	'Little Brown Myotis',	26	,'Vespertilionidae',	'M',	'Mammal'),
('33',	'Fringed Myotis',	63	,'Vespertilionidae',	'F',	'Mammal'),
('34',	'Long-legged Myotis',	46	,'Vespertilionidae',	'M',	'Mammal'),
('35',	'Yuma Myotis',	63	,'Vespertilionidae',	'M',	'Mammal'),
('36',	'Western Pipistrelle',	5	,'Vespertilionidae',	'M',	'Mammal'),
('37',	'Black-tailed Jackrabbit',	22	,'Leporidae',	'F',	'Mammal'),
('38',	'Desert Cottontail',	60	,'Leporidae',	'F',	'Mammal'),
('39',	'American Beaver',	15	,'Castoridae',	'F',	'Mammal');


INSERT INTO `Veterinary_Doctor` VALUES ('140','Veterinary specialis','Internal medicine',''),
('173','Food safety and insp','Internal medicine',''),('229','Veterinary specialis','Critical care',''),
('245','Companion-animal vet','Internal medicine',''),('29','Veterinary specialis','Critical care',''),
('295','Veterinary specialis','Internal medicine',''),('39','Research veterinaria','Vet practitioners',''),
('396','Food-animal veterina','Critical care',''),('404','Food-animal veterina','Vet practitioners',''),
('412','Veterinary specialis','Critical care',''),('528','Companion-animal vet','Vet practitioners',''),
('533','Research veterinaria','Internal medicine',''),('542','Food-animal veterina','Critical care',''),
('579','Companion-animal vet','Internal medicine',''),('588','Companion-animal vet','Critical care',''),
('671','Research veterinaria','Internal medicine',''),('841','Research veterinaria','Vet practitioners',''),
('887','Research veterinaria','Vet practitioners',''),('91','Veterinary specialis','Internal medicine','');


INSERT INTO `Veterinary_Doc_Office_Hours` VALUES ('140','11AM-3PM'),('173','10PM-10AM'),('229','2PM-12AM'),
('245','11AM-3PM'),('29','10AM-8PM'),('295','10PM-10AM'),('39','10AM-8PM'),('396','2PM-12AM'),
('404','10PM-10AM'),('412','10AM-8PM'),('528','10PM-10AM'),('533','11AM-3PM'),('542','11AM-3PM'),
('579','8PM-8AM'),('588','2PM-12AM'),('671','8PM-8AM'),('841','8PM-8AM'),('887','10PM-10AM'),('91','10PM-10AM');


INSERT INTO `Species_Doctor` VALUES
('140','39'),('140','7'),('173','1'),
('173','33'),
('245','2'),('245','6'),
('245','15'),
('887','20'),('887','36');
